{
  "training_stats": {
    "symbol_grounding": [
      {
        "epoch": 1,
        "accuracy": 1.0,
        "confidence": 0.8,
        "examples_processed": 5
      },
      {
        "epoch": 2,
        "accuracy": 1.0,
        "confidence": 0.8,
        "examples_processed": 5
      }
    ],
    "relation_extraction": [
      {
        "epoch": 1,
        "accuracy": 0.9285714285714286,
        "loss": 0.24285714285714288,
        "examples_processed": 14,
        "val_accuracy": 0.6666666666666666,
        "val_loss": 0.19999999999999996
      },
      {
        "epoch": 2,
        "accuracy": 0.9285714285714286,
        "loss": 0.24285714285714288,
        "examples_processed": 14,
        "val_accuracy": 0.6666666666666666,
        "val_loss": 0.19999999999999996
      }
    ],
    "abstraction": [
      {
        "epoch": 1,
        "abstractions_added": 1,
        "duration": 0.0007712841033935547,
        "validation_rate": 1,
        "average_confidence": 1
      }
    ],
    "integration": []
  },
  "timestamp": 1745903550.6077092,
  "components": {
    "concepts": 0,
    "vector_facts": 16
  }
}