{
  "start_time": 1745968814.8417892,
  "end_time": 1745968822.1417785,
  "phases": {
    "conceptnet_knowledge": {
      "status": "no-op"
    },
    "natural_language_inference": {
      "epochs": [
        {
          "loss": 0.25305083193813666,
          "accuracy": 0.8240197026031638,
          "examples_processed": 31.999379900231723,
          "entailment_precision": 0.8744222147202573,
          "entailment_recall": 0.8274308169839145,
          "contradiction_precision": 0.972621890681697,
          "contradiction_recall": 0.7203077689720091,
          "epoch": 1,
          "val_accuracy": 0.825151721067554
        },
        {
          "loss": 0.25317002222169427,
          "accuracy": 0.8236381027457617,
          "examples_processed": 31.999379900231723,
          "entailment_precision": 0.8743246681130551,
          "entailment_recall": 0.826486973563073,
          "contradiction_precision": 0.9718490429814581,
          "contradiction_recall": 0.7205963909763181,
          "epoch": 2,
          "val_accuracy": 0.825397755231155
        }
      ],
      "final_accuracy": 0.8230938656919256,
      "final_entailment_f1": 0.8489135927235978,
      "final_contradiction_f1": 0.8272377770173708
    },
    "logical_reasoning": {
      "epochs": [
        {
          "loss": 0.0,
          "accuracy": 0.5013170892327955,
          "examples_processed": 15.990121830754033,
          "reasoning_quality": 0.7020106531213494,
          "multi_hop_accuracy": 0.0,
          "epoch": 1,
          "val_accuracy": 0.49500384319754037
        },
        {
          "loss": 0.0,
          "accuracy": 0.5034573592360883,
          "examples_processed": 15.990121830754033,
          "reasoning_quality": 0.7004898527891801,
          "multi_hop_accuracy": 0.0,
          "epoch": 2,
          "val_accuracy": 0.48962336664104533
        }
      ],
      "final_accuracy": 0.5226400613967767,
      "final_reasoning_quality": 0.7052757092162619
    },
    "commonsense_reasoning": {
      "causal_reasoning": 0.376,
      "social_reasoning": 0.334,
      "temporal_reasoning": 0.364,
      "overall_accuracy": 0.358
    },
    "rule_based_reasoning": {
      "accuracy_by_hop": {
        "1": 0.0,
        "2": 0.0,
        "3": 0.0,
        "4": 0.0
      },
      "contradiction_detection": 0.0,
      "explanation_accuracy": 0.0,
      "overall_accuracy": 0.324
    }
  },
  "overall": {
    "total_time": 7.299989223480225,
    "completed_phases": 5,
    "total_phases": 5,
    "success_rate": 1.0
  }
}