{
  "iterations": 100,
  "total_reward": 0.0,
  "accuracy_history": [
    0.0,
    0.0,
    0.0,
    0.0,
    0.0,
    0.0,
    0.0,
    0.0,
    0.0,
    0.0,
    0.0,
    0.0,
    0.0,
    0.0,
    0.0,
    0.0,
    0.0,
    0.0,
    0.0,
    0.0,
    0.0,
    0.0,
    0.0,
    0.0,
    0.0,
    0.0,
    0.0,
    0.0,
    0.0,
    0.0,
    0.0,
    0.0,
    0.0,
    0.0,
    0.0,
    0.0,
    0.0,
    0.0,
    0.0,
    0.0,
    0.0,
    0.0,
    0.0,
    0.0,
    0.0,
    0.0,
    0.0,
    0.0,
    0.0,
    0.0,
    0.0,
    0.0,
    0.0,
    0.0,
    0.0,
    0.0,
    0.0,
    0.0,
    0.0,
    0.0,
    0.0,
    0.0,
    0.0,
    0.0,
    0.0,
    0.0,
    0.0,
    0.0,
    0.0,
    0.0,
    0.0,
    0.0,
    0.0,
    0.0,
    0.0,
    0.0,
    0.0,
    0.0,
    0.0,
    0.0,
    0.0,
    0.0,
    0.0,
    0.0,
    0.0,
    0.0,
    0.0,
    0.0,
    0.0,
    0.0,
    0.0,
    0.0,
    0.0,
    0.0,
    0.0,
    0.0,
    0.0,
    0.0,
    0.0,
    0.0
  ],
  "decision_confidence": [
    0.8668132492690558,
    0.7981269137692864,
    0.7478770327163533,
    0.6286904933651827,
    0.6653984163458024,
    0.7852270913976146,
    0.628604916697388,
    0.8647251924090471,
    0.8068730088054719,
    0.663359123347432,
    0.6430527933801943,
    0.6568080007958585,
    0.6216937931501896,
    0.8901622623264357,
    0.7722492403698223,
    0.6067620728286571,
    0.6427113425046326,
    0.8676360396401908,
    0.6941420259748279,
    0.7676260530172088,
    0.7556466342890552,
    0.8677860950596492,
    0.8866525188115142,
    0.8791365075112827,
    0.6246832724565358,
    0.8112733871922085,
    0.7667026863597876,
    0.8173119392546465,
    0.8712855258600574,
    0.7959717561617301,
    0.7499998391976139,
    0.7616819603429251,
    0.8656121831924997,
    0.8157321595755535,
    0.8121418991387109,
    0.7998638744737876,
    0.7490004224609956,
    0.7405023878107553,
    0.724514689614652,
    0.7050439581700985,
    0.6433798777366599,
    0.7883969173112763,
    0.6710990932339234,
    0.6592624728867859,
    0.888916019135022,
    0.7634349866377305,
    0.8850819109972947,
    0.6414039900040867,
    0.8244863140681135,
    0.6619856946347779,
    0.6841192110109637,
    0.7662438119492608,
    0.7602337689777076,
    0.6368643578477328,
    0.7301676944209134,
    0.7781123380602044,
    0.711294211069033,
    0.616707292560366,
    0.7652298094500297,
    0.6040617340857646,
    0.7452700484834835,
    0.8824850852777214,
    0.8871555763434785,
    0.8923569621647314,
    0.7688182522419346,
    0.7528993387551245,
    0.8962917313855403,
    0.7719994310806821,
    0.7128552833993246,
    0.7241409098495095,
    0.6887210563476724,
    0.74855520424721,
    0.6479311454836965,
    0.7764366326403979,
    0.6486528886060565,
    0.8645697654273373,
    0.6558344093471629,
    0.8410693541154611,
    0.8785744640252036,
    0.6201541196949508,
    0.6724272816316754,
    0.6906447466066395,
    0.6134933903886676,
    0.650221129644163,
    0.7088269868690937,
    0.62473315838502,
    0.6024557417160412,
    0.7027545700193939,
    0.6395300294431283,
    0.8043376448721191,
    0.828923561527984,
    0.7606202932744149,
    0.643433846750505,
    0.7823911150202719,
    0.7393508374565249,
    0.7430160304194429,
    0.6403221128202312,
    0.6465034461495435,
    0.8017860482667245,
    0.7364796458370838
  ],
  "memory_utilization": [
    0.01,
    0.02,
    0.03,
    0.04,
    0.05,
    0.06,
    0.07,
    0.08,
    0.09,
    0.1,
    0.11,
    0.12,
    0.13,
    0.14,
    0.15,
    0.16,
    0.17,
    0.18,
    0.19,
    0.2,
    0.21,
    0.22,
    0.23,
    0.24,
    0.25,
    0.26,
    0.27,
    0.28,
    0.29,
    0.3,
    0.31,
    0.32,
    0.33,
    0.34,
    0.35,
    0.36,
    0.37,
    0.38,
    0.39,
    0.4,
    0.41,
    0.42,
    0.43,
    0.44,
    0.45,
    0.46,
    0.47,
    0.48,
    0.49,
    0.5,
    0.51,
    0.52,
    0.53,
    0.54,
    0.55,
    0.56,
    0.57,
    0.58,
    0.59,
    0.6,
    0.61,
    0.62,
    0.63,
    0.64,
    0.65,
    0.66,
    0.67,
    0.68,
    0.69,
    0.7,
    0.71,
    0.72,
    0.73,
    0.74,
    0.75,
    0.76,
    0.77,
    0.78,
    0.79,
    0.8,
    0.81,
    0.82,
    0.83,
    0.84,
    0.85,
    0.86,
    0.87,
    0.88,
    0.89,
    0.9,
    0.91,
    0.92,
    0.93,
    0.94,
    0.95,
    0.96,
    0.97,
    0.98,
    0.99,
    1.0
  ]
}