{
  "epochs": [
    {
      "loss": 0.0,
      "accuracy": 0.5013170892327955,
      "examples_processed": 15.990121830754033,
      "reasoning_quality": 0.7020106531213494,
      "multi_hop_accuracy": 0.0,
      "epoch": 1,
      "val_accuracy": 0.49500384319754037
    },
    {
      "loss": 0.0,
      "accuracy": 0.5034573592360883,
      "examples_processed": 15.990121830754033,
      "reasoning_quality": 0.7004898527891801,
      "multi_hop_accuracy": 0.0,
      "epoch": 2,
      "val_accuracy": 0.48962336664104533
    }
  ],
  "final_accuracy": 0.5226400613967767,
  "final_reasoning_quality": 0.7052757092162619
}